{
  "eye": {
    "orientation": [
      -0.44202861189842224,
      0.1670507937669754,
      0.19040735065937042,
      0.8604938983917236
    ],
    "magnitude": 0.5773502588272095,
    "position": [
      23.911134719848633,
      164.85157775878906,
      110.69023132324219
    ]
  },
  "paths": [],
  "ortho": false,
  "radius": 100,
  "visualHints": 3
}