{
  "eye": {
    "orientation": [
      -0.584077775478363,
      0.24305233359336853,
      -0.045911189168691635,
      0.7730918526649475
    ],
    "magnitude": 0.5773502588272095,
    "position": [
      85.83621215820312,
      176.16900634765625,
      39.9588737487793
    ]
  },
  "paths": [],
  "ortho": false,
  "radius": 100,
  "visualHints": 3
}